ticker,name,market,sector,base_price
000050,경방,KOSDAQ,섬유,0
000070,삼양홀딩스,KOSDAQ,화학,0
000080,하이트진로,KOSDAQ,식품,0
000100,유한양행,KOSDAQ,바이오,0
000120,CJ대한통운,KOSDAQ,항공,0
000140,하이트진로홀딩스,KOSDAQ,식품,0
000150,두산,KOSDAQ,복합기업,0
000155,000155,KOSDAQ,복합기업,0
000157,000157,KOSDAQ,복합기업,0
000210,DL,KOSDAQ,화학,0
000240,한국앤컴퍼니,KOSDAQ,자동차,0
000250,삼천당제약,KOSDAQ,바이오,0
000270,기아,KOSDAQ,자동차,0
000320,노루홀딩스,KOSDAQ,건축자재,0
000370,한화손해보험,KOSDAQ,보험,0
000390,삼화페인트,KOSDAQ,건축자재,0
000400,롯데손해보험,KOSDAQ,보험,0
000430,대원강업,KOSDAQ,자동차,0
000480,CR홀딩스,KOSDAQ,비철금속,0
000490,대동,KOSDAQ,기계,0
000500,가온전선,KOSDAQ,전기장비,0
000520,삼일제약,KOSDAQ,바이오,0
000540,흥국화재,KOSDAQ,손해보험,0
000640,동아쏘시오홀딩스,KOSDAQ,바이오,0
000650,천일고속,KOSDAQ,운송,0
000660,SK하이닉스,KOSDAQ,반도체,0
000670,영풍,KOSDAQ,핸드셋,0
000680,LS네트웍스,KOSDAQ,증권,0
000720,현대건설,KOSDAQ,건설,0
000810,삼성화재,KOSDAQ,보험,0
000815,000815,KOSDAQ,손해보험,0
000860,강남제비스코,KOSDAQ,건축자재,0
000880,한화,KOSDAQ,복합기업,0
00088K,00088K,KOSDAQ,기타,0
000990,DB하이텍,KOSDAQ,반도체,0
001040,CJ,KOSDAQ,복합기업,0
001045,001045,KOSDAQ,복합기업,0
00104K,00104K,KOSDAQ,기타,0
001060,JW중외제약,KOSDAQ,바이오,0
001080,만호제강,KOSDAQ,철강,0
001120,LX인터내셔널,KOSDAQ,무역회사와판매업체,0
001130,대한제분,KOSDAQ,식품,0
001200,유진투자증권,KOSDAQ,증권,0
001230,동국홀딩스,KOSDAQ,철강,0
001250,GS글로벌,KOSDAQ,무역회사와판매업체,0
001270,부국증권,KOSDAQ,증권,0
001340,PKC,KOSDAQ,화학,0
001390,KG케미칼,KOSDAQ,자동차,0
001430,세아베스틸지주,KOSDAQ,철강,0
001440,대한전선,KOSDAQ,전기장비,0
001450,현대해상,KOSDAQ,보험,0
001460,BYC,KOSDAQ,섬유,0
001500,현대차증권,KOSDAQ,자동차,0
001510,SK증권,KOSDAQ,증권,0
001520,동양,KOSDAQ,건축자재,0
001530,DI동일,KOSDAQ,섬유,0
001570,금양,KOSDAQ,화학,0
001630,종근당홀딩스,KOSDAQ,바이오,0
001680,대상,KOSDAQ,식품,0
001720,신영증권,KOSDAQ,증권,0
001740,SK네트웍스,KOSDAQ,복합기업,0
001750,한양증권,KOSDAQ,증권,0
001780,알루코,KOSDAQ,비철금속,0
001790,대한제당,KOSDAQ,식품,0
001800,오리온홀딩스,KOSDAQ,식품,0
001820,삼화콘덴서,KOSDAQ,전기전자,0
001940,KISCO홀딩스,KOSDAQ,철강,0
002020,코오롱,KOSDAQ,복합기업,0
002030,아세아,KOSDAQ,건축자재,0
002150,도화엔지니어링,KOSDAQ,건설,0
002230,피에스텍,KOSDAQ,전기전자,0
002240,고려제강,KOSDAQ,철강,0
002310,아세아제지,KOSDAQ,포장재,0
002320,한진,KOSDAQ,항공,0
002350,넥센타이어,KOSDAQ,자동차,0
002380,KCC,KOSDAQ,건축자재,0
002710,TCC스틸,KOSDAQ,철강,0
002790,아모레퍼시픽홀딩스,KOSDAQ,가정용품,0
002810,삼영무역,KOSDAQ,화학,0
002840,미원상사,KOSDAQ,화학,0
002900,TYM,KOSDAQ,기계,0
002960,한국쉘석유,KOSDAQ,화학,0
003000,부광약품,KOSDAQ,바이오,0
003030,세아제강지주,KOSDAQ,철강,0
003070,코오롱글로벌,KOSDAQ,건설,0
003090,대웅,KOSDAQ,바이오,0
003120,일성아이에스,KOSDAQ,바이오,0
003160,디아이,KOSDAQ,반도체,0
003200,일신방직,KOSDAQ,섬유,0
003220,대원제약,KOSDAQ,바이오,0
003230,삼양식품,KOSDAQ,식품,0
003240,태광산업,KOSDAQ,화학,0
003280,흥아해운,KOSDAQ,운송,0
003300,한일홀딩스,KOSDAQ,건축자재,0
003350,한국화장품제조,KOSDAQ,가정용품,0
003380,하림지주,KOSDAQ,식품,0
003410,쌍용C&E,KOSDAQ,건설,0
003460,유화증권,KOSDAQ,증권,0
003470,유안타증권,KOSDAQ,증권,0
003490,대한항공,KOSDAQ,항공,0
003520,영진약품,KOSDAQ,바이오,0
003530,한화투자증권,KOSDAQ,증권,0
003540,대신증권,KOSDAQ,증권,0
003545,003545,KOSDAQ,증권,0
003547,003547,KOSDAQ,증권,0
003550,LG,KOSDAQ,복합기업,0
003555,003555,KOSDAQ,복합기업,0
003570,SNT다이내믹스,KOSDAQ,자동차,0
003610,방림,KOSDAQ,섬유,0
003620,KG모빌리티,KOSDAQ,자동차,0
003650,미창석유,KOSDAQ,화학,0
003670,포스코퓨처엠,KOSDAQ,배터리,0
003690,코리안리,KOSDAQ,손해보험,0
003720,삼영,KOSDAQ,화학,0
003800,에이스침대,KOSDAQ,가구,0
003850,보령,KOSDAQ,바이오,0
003920,남양유업,KOSDAQ,식품,0
003960,사조대림,KOSDAQ,식품,0
004000,롯데정밀화학,KOSDAQ,화학,0
004020,현대제철,KOSDAQ,철강,0
004090,한국석유,KOSDAQ,화학,0
004170,신세계,KOSDAQ,유통,0
004310,현대약품,KOSDAQ,바이오,0
004360,세방,KOSDAQ,항공,0
004370,농심,KOSDAQ,식품,0
004380,삼익THK,KOSDAQ,기계,0
004430,송원산업,KOSDAQ,화학,0
004490,세방전지,KOSDAQ,자동차,0
004560,현대비앤지스틸,KOSDAQ,비철금속,0
004690,삼천리,KOSDAQ,가스유틸리티,0
004700,조광피혁,KOSDAQ,섬유,0
004710,한솔테크닉스,KOSDAQ,전기전자,0
004800,효성,KOSDAQ,복합기업,0
004980,성신양회,KOSDAQ,건축자재,0
004990,롯데지주,KOSDAQ,복합기업,0
005010,휴스틸,KOSDAQ,철강,0
005070,코스모신소재,KOSDAQ,화학,0
005090,SGC에너지,KOSDAQ,에너지,0
005180,빙그레,KOSDAQ,식품,0
005250,녹십자홀딩스,KOSDAQ,바이오,0
005290,동진쎄미켐,KOSDAQ,반도체,0
005300,롯데칠성,KOSDAQ,식품,0
005380,현대차,KOSDAQ,자동차,0
005385,005385,KOSDAQ,자동차,0
005387,005387,KOSDAQ,자동차,0
005389,005389,KOSDAQ,자동차,0
005420,코스모화학,KOSDAQ,화학,0
005430,한국공항,KOSDAQ,운송인프라,0
005440,현대지에프홀딩스,KOSDAQ,복합기업,0
005490,POSCO홀딩스,KOSDAQ,철강,0
005500,삼진제약,KOSDAQ,바이오,0
005610,SPC삼립,KOSDAQ,식품,0
005680,삼영전자,KOSDAQ,전기전자,0
005690,파미셀,KOSDAQ,화학,0
005710,대원산업,KOSDAQ,자동차,0
005720,넥센,KOSDAQ,자동차,0
005810,풍산홀딩스,KOSDAQ,비철금속,0
005830,DB손해보험,KOSDAQ,보험,0
005850,에스엘,KOSDAQ,자동차,0
005880,대한해운,KOSDAQ,운송,0
005930,삼성전자,KOSDAQ,반도체,0
005935,005935,KOSDAQ,반도체,0
005940,NH투자증권,KOSDAQ,증권,0
005945,005945,KOSDAQ,증권,0
005950,이수화학,KOSDAQ,화학,0
005960,동부건설,KOSDAQ,건설,0
006040,동원산업,KOSDAQ,식품,0
006110,삼아알미늄,KOSDAQ,비철금속,0
006120,SK디스커버리,KOSDAQ,에너지,0
006220,제주은행,KOSDAQ,은행,0
006260,LS,KOSDAQ,전기장비,0
006280,녹십자,KOSDAQ,바이오,0
006340,대원전선,KOSDAQ,전기장비,0
006360,GS건설,KOSDAQ,건설,0
006380,카프로,KOSDAQ,화학,0
006400,삼성SDI,KOSDAQ,배터리,0
006405,006405,KOSDAQ,전기전자,0
006650,대한유화,KOSDAQ,화학,0
006730,서부T&D,KOSDAQ,"호텔,레스토랑,레저",0
006800,미래에셋증권,KOSDAQ,증권,0
006805,006805,KOSDAQ,증권,0
00680K,00680K,KOSDAQ,기타,0
006910,보성파워텍,KOSDAQ,전기장비,0
007070,GS리테일,KOSDAQ,유통,0
007160,사조산업,KOSDAQ,식품,0
007310,오뚜기,KOSDAQ,식품,0
007340,DN오토모티브,KOSDAQ,자동차,0
007390,네이처셀,KOSDAQ,바이오,0
007570,일양약품,KOSDAQ,바이오,0
007660,이수페타시스,KOSDAQ,전기전자,0
007690,국도화학,KOSDAQ,화학,0
007700,F&F홀딩스,KOSDAQ,섬유,0
007810,코리아써키트,KOSDAQ,전기전자,0
007860,서연,KOSDAQ,자동차,0
008060,대덕,KOSDAQ,전기전자,0
008490,서흥,KOSDAQ,바이오,0
008730,율촌화학,KOSDAQ,화학,0
008770,호텔신라,KOSDAQ,유통,0
008830,대동기어,KOSDAQ,기계,0
008930,한미사이언스,KOSDAQ,바이오,0
009070,KCTC,KOSDAQ,항공,0
009150,삼성전기,KOSDAQ,반도체,0
009155,009155,KOSDAQ,전기전자,0
009160,SIMPAC,KOSDAQ,비철금속,0
009240,한샘,KOSDAQ,가구,0
009290,광동제약,KOSDAQ,바이오,0
009410,태영건설,KOSDAQ,건설,0
009420,한올바이오파마,KOSDAQ,바이오,0
009450,경동나비엔,KOSDAQ,가정용기기와용품,0
009470,삼화전기,KOSDAQ,전기전자,0
009520,포스코엠텍,KOSDAQ,철강,0
009540,HD한국조선해양,KOSDAQ,조선,0
009680,모토닉,KOSDAQ,자동차,0
009830,한화솔루션,KOSDAQ,화학,0
009900,명신산업,KOSDAQ,자동차,0
009970,영원무역홀딩스,KOSDAQ,섬유,0
010060,OCI홀딩스,KOSDAQ,화학,0
010120,LS ELECTRIC,KOSDAQ,전기장비,0
010130,고려아연,KOSDAQ,철강,0
010140,삼성중공업,KOSDAQ,조선,0
010170,대한광통신,KOSDAQ,통신,0
010580,에스엠벡셀,KOSDAQ,자동차,0
010620,HD현대미포,KOSDAQ,조선,0
010690,화신,KOSDAQ,자동차,0
010780,아이에스동서,KOSDAQ,건설,0
010820,퍼스텍,KOSDAQ,우주항공과국방,0
010950,S-Oil,KOSDAQ,화학,0
010955,010955,KOSDAQ,에너지,0
011070,LG이노텍,KOSDAQ,전기전자,0
011170,롯데케미칼,KOSDAQ,화학,0
011200,HMM,KOSDAQ,운송,0
011210,현대위아,KOSDAQ,자동차,0
011500,한농화성,KOSDAQ,화학,0
011690,와이투솔루션,KOSDAQ,전기전자,0
011760,현대코퍼레이션,KOSDAQ,무역회사와판매업체,0
011780,금호석유화학,KOSDAQ,화학,0
011785,011785,KOSDAQ,화학,0
011790,SKC,KOSDAQ,화학,0
011930,신성이엔지,KOSDAQ,반도체,0
012030,DB,KOSDAQ,IT,0
012200,계양전기,KOSDAQ,자동차,0
012210,삼미금속,KOSDAQ,기계,0
012320,경동인베스트,KOSDAQ,비철금속,0
012330,현대모비스,KOSDAQ,자동차,0
012450,한화에어로스페이스,KOSDAQ,방산,0
012510,더존비즈온,KOSDAQ,IT,0
012630,HDC,KOSDAQ,건설,0
012750,에스원,KOSDAQ,상업서비스와공급품,0
012860,모베이스전자,KOSDAQ,자동차,0
013030,하이록코리아,KOSDAQ,기계,0
013120,동원개발,KOSDAQ,건설,0
013580,계룡건설,KOSDAQ,건설,0
013890,지누스,KOSDAQ,가구,0
014620,성광벤드,KOSDAQ,기계,0
014680,한솔케미칼,KOSDAQ,화학,0
014820,동원시스템즈,KOSDAQ,포장재,0
014830,유니드,KOSDAQ,화학,0
014940,오리엔탈정공,KOSDAQ,조선,0
015360,INVENI,KOSDAQ,가스유틸리티,0
015750,성우하이텍,KOSDAQ,자동차,0
015760,한국전력,KOSDAQ,에너지,0
015860,일진홀딩스,KOSDAQ,전기장비,0
016360,삼성증권,KOSDAQ,증권,0
016380,KG스틸,KOSDAQ,철강,0
016580,환인제약,KOSDAQ,바이오,0
016590,신대양제지,KOSDAQ,포장재,0
016610,DB증권,KOSDAQ,증권,0
016800,퍼시스,KOSDAQ,가구,0
017390,서울가스,KOSDAQ,가스유틸리티,0
017670,SK텔레콤,KOSDAQ,통신,0
017800,현대엘리베이터,KOSDAQ,기계,0
017810,풀무원,KOSDAQ,식품,0
017860,DS단석,KOSDAQ,화학,0
017890,한국알콜,KOSDAQ,화학,0
017940,E1,KOSDAQ,가스유틸리티,0
017960,한국카본,KOSDAQ,조선,0
018000,유니슨,KOSDAQ,에너지,0
018250,애경산업,KOSDAQ,가정용품,0
018260,삼성에스디에스,KOSDAQ,IT,0
018290,브이티,KOSDAQ,가정용품,0
018310,삼목에스폼,KOSDAQ,건축제품,0
018670,SK가스,KOSDAQ,가스유틸리티,0
018880,한온시스템,KOSDAQ,자동차,0
019010,베뉴지,KOSDAQ,"호텔,레스토랑,레저",0
019170,신풍제약,KOSDAQ,바이오,0
019210,와이지-원,KOSDAQ,기계,0
020000,한섬,KOSDAQ,섬유,0
020150,롯데에너지머티리얼즈,KOSDAQ,에너지,0
020560,아시아나항공,KOSDAQ,항공,0
021240,코웨이,KOSDAQ,가정용기기와용품,0
022100,포스코DX,KOSDAQ,철강,0
023160,태광,KOSDAQ,기계,0
023410,유진기업,KOSDAQ,건축자재,0
023530,롯데쇼핑,KOSDAQ,유통,0
023590,다우기술,KOSDAQ,증권,0
023760,한국캐피탈,KOSDAQ,기타금융,0
024060,흥구석유,KOSDAQ,에너지,0
024110,기업은행,KOSDAQ,은행,0
024720,콜마홀딩스,KOSDAQ,가정용품,0
024850,HLB이노베이션,KOSDAQ,바이오,0
025000,KPX케미칼,KOSDAQ,화학,0
025320,시노펙스,KOSDAQ,핸드셋,0
025540,한국단자,KOSDAQ,자동차,0
025770,한국정보통신,KOSDAQ,통신,0
025860,남해화학,KOSDAQ,화학,0
025900,동화기업,KOSDAQ,건축자재,0
025980,아난티,KOSDAQ,"호텔,레스토랑,레저",0
026890,스틱인베스트먼트,KOSDAQ,창업투자,0
026960,동서,KOSDAQ,식품,0
027360,아주IB투자,KOSDAQ,창업투자,0
027410,BGF,KOSDAQ,화학,0
028050,삼성E&A,KOSDAQ,건설,0
028100,동아지질,KOSDAQ,건설,0
028260,삼성물산,KOSDAQ,건설,0
02826K,02826K,KOSDAQ,기타,0
028300,HLB,KOSDAQ,바이오,0
028670,팬오션,KOSDAQ,운송,0
029460,케이씨,KOSDAQ,반도체,0
029530,신도리코,KOSDAQ,사무용전자제품,0
029780,삼성카드,KOSDAQ,카드,0
030000,제일기획,KOSDAQ,광고,0
030190,NICE평가정보,KOSDAQ,상업서비스와공급품,0
030200,KT,KOSDAQ,통신,0
030210,다올투자증권,KOSDAQ,증권,0
030520,한글과컴퓨터,KOSDAQ,IT,0
030530,원익홀딩스,KOSDAQ,반도체,0
030610,교보증권,KOSDAQ,증권,0
031210,서울보증보험,KOSDAQ,보험,0
031330,에스에이엠티,KOSDAQ,전기전자,0
031430,신세계인터내셔날,KOSDAQ,유통,0
031440,신세계푸드,KOSDAQ,유통,0
031980,피에스케이홀딩스,KOSDAQ,반도체,0
032190,다우데이타,KOSDAQ,증권,0
032350,롯데관광개발,KOSDAQ,"호텔,레스토랑,레저",0
032500,케이엠더블유,KOSDAQ,통신장비,0
032620,유비케어,KOSDAQ,건강관리기술,0
032640,LG유플러스,KOSDAQ,통신,0
032820,우리기술,KOSDAQ,우주항공과국방,0
032830,삼성생명,KOSDAQ,보험,0
032940,원익,KOSDAQ,가정용품,0
033100,제룡전기,KOSDAQ,전기장비,0
033160,엠케이전자,KOSDAQ,반도체,0
033240,자화전자,KOSDAQ,통신장비,0
033270,유나이티드제약,KOSDAQ,바이오,0
033500,동성화인텍,KOSDAQ,화학,0
033530,SJG세종,KOSDAQ,자동차,0
033640,네패스,KOSDAQ,반도체,0
033780,KT&G,KOSDAQ,통신,0
033790,피노,KOSDAQ,전기전자,0
033920,무학,KOSDAQ,식품,0
034020,두산에너빌리티,KOSDAQ,에너지,0
034120,SBS,KOSDAQ,방송과엔터테인먼트,0
034220,LG디스플레이,KOSDAQ,디스플레이패널,0
034230,파라다이스,KOSDAQ,"호텔,레스토랑,레저",0
034310,NICE,KOSDAQ,IT,0
034730,SK,KOSDAQ,에너지,0
034810,해성산업,KOSDAQ,종이와목재,0
034830,한국토지신탁,KOSDAQ,부동산,0
034950,한국기업평가,KOSDAQ,상업서비스와공급품,0
035150,백산,KOSDAQ,섬유,0
035250,강원랜드,KOSDAQ,"호텔,레스토랑,레저",0
035420,NAVER,KOSDAQ,IT,0
035510,신세계 I&C,KOSDAQ,유통,0
035600,KG이니시스,KOSDAQ,IT,0
035720,카카오,KOSDAQ,IT,0
035760,CJ ENM,KOSDAQ,방송과엔터테인먼트,0
035810,이지홀딩스,KOSDAQ,식품,0
035890,서희건설,KOSDAQ,건설,0
035900,JYP Ent.,KOSDAQ,엔터,0
036030,케이티알파,KOSDAQ,유통,0
036190,금화피에스시,KOSDAQ,건설,0
036200,유니셈,KOSDAQ,반도체,0
036460,한국가스공사,KOSDAQ,에너지,0
036530,SNT홀딩스,KOSDAQ,자동차,0
036540,SFA반도체,KOSDAQ,반도체,0
036560,KZ정밀,KOSDAQ,기계,0
036570,엔씨소프트,KOSDAQ,IT,0
036620,감성코퍼레이션,KOSDAQ,섬유,0
036800,나이스정보통신,KOSDAQ,통신,0
036810,에프에스티,KOSDAQ,반도체,0
036830,솔브레인홀딩스,KOSDAQ,전기전자,0
036890,진성티이씨,KOSDAQ,기계,0
036930,주성엔지니어링,KOSDAQ,반도체,0
037270,YG PLUS,KOSDAQ,엔터,0
037460,삼지전자,KOSDAQ,통신장비,0
037710,광주신세계,KOSDAQ,유통,0
038290,마크로젠,KOSDAQ,생명과학도구및서비스,0
038500,삼표시멘트,KOSDAQ,건축자재,0
039030,이오테크닉스,KOSDAQ,반도체,0
039130,하나투어,KOSDAQ,"호텔,레스토랑,레저",0
039200,오스코텍,KOSDAQ,바이오,0
039440,에스티아이,KOSDAQ,반도체,0
039490,키움증권,KOSDAQ,증권,0
039570,HDC랩스,KOSDAQ,건설,0
039840,디오,KOSDAQ,바이오,0
039860,나노엔텍,KOSDAQ,생명과학도구및서비스,0
041020,폴라리스오피스,KOSDAQ,자동차,0
041190,우리기술투자,KOSDAQ,창업투자,0
041510,에스엠,KOSDAQ,방송과엔터테인먼트,0
041830,인바디,KOSDAQ,바이오,0
041920,메디아나,KOSDAQ,바이오,0
041960,코미팜,KOSDAQ,바이오,0
042000,카페24,KOSDAQ,IT,0
042370,비츠로테크,KOSDAQ,전기전자,0
042420,네오위즈홀딩스,KOSDAQ,엔터,0
042520,한스바이오메드,KOSDAQ,바이오,0
042660,한화오션,KOSDAQ,조선,0
042700,한미반도체,KOSDAQ,반도체,0
043150,바텍,KOSDAQ,바이오,0
043260,성호전자,KOSDAQ,전기전자,0
043370,피에이치에이,KOSDAQ,자동차,0
044450,KSS해운,KOSDAQ,운송,0
044490,태웅,KOSDAQ,에너지,0
045100,한양이엔지,KOSDAQ,반도체,0
045390,대아티아이,KOSDAQ,IT,0
046440,KG모빌리언스,KOSDAQ,IT,0
046890,서울반도체,KOSDAQ,반도체,0
047040,대우건설,KOSDAQ,건설,0
047050,포스코인터내셔널,KOSDAQ,철강,0
047310,파워로직스,KOSDAQ,핸드셋,0
047810,한국항공우주,KOSDAQ,항공,0
047920,HLB제약,KOSDAQ,바이오,0
048410,현대바이오,KOSDAQ,바이오,0
048870,시너지이노베이션,KOSDAQ,바이오,0
049070,인탑스,KOSDAQ,핸드셋,0
049630,재영솔루텍,KOSDAQ,핸드셋,0
050890,쏠리드,KOSDAQ,통신장비,0
051360,토비스,KOSDAQ,전기전자,0
051370,인터플렉스,KOSDAQ,전기전자,0
051500,CJ프레시웨이,KOSDAQ,식품과기본식료품소매,0
051600,한전KPS,KOSDAQ,전기유틸리티,0
051900,LG생활건강,KOSDAQ,가정용품,0
051910,LG화학,KOSDAQ,화학,0
051915,051915,KOSDAQ,화학,0
051980,중앙첨단소재,KOSDAQ,통신장비,0
052020,에스티큐브,KOSDAQ,유통,0
052400,코나아이,KOSDAQ,IT,0
052690,한전기술,KOSDAQ,전기유틸리티,0
052710,아모텍,KOSDAQ,핸드셋,0
053030,바이넥스,KOSDAQ,바이오,0
053210,스카이라이프,KOSDAQ,방송과엔터테인먼트,0
053300,한국정보인증,KOSDAQ,IT,0
053610,프로텍,KOSDAQ,반도체,0
053690,한미글로벌,KOSDAQ,건설,0
053700,삼보모터스,KOSDAQ,자동차,0
053800,안랩,KOSDAQ,IT,0
054210,이랜텍,KOSDAQ,핸드셋,0
054450,텔레칩스,KOSDAQ,반도체,0
054950,제이브이엠,KOSDAQ,바이오,0
055550,신한지주,KOSDAQ,은행,0
056080,유진로봇,KOSDAQ,기계,0
056090,시지메드텍,KOSDAQ,바이오,0
056190,에스에프에이,KOSDAQ,기계,0
057050,현대홈쇼핑,KOSDAQ,유통,0
058430,포스코스틸리온,KOSDAQ,철강,0
058470,리노공업,KOSDAQ,반도체,0
058610,에스피지,KOSDAQ,전기전자,0
058650,세아홀딩스,KOSDAQ,철강,0
058820,CMG제약,KOSDAQ,바이오,0
058970,엠로,KOSDAQ,IT,0
059090,미코,KOSDAQ,반도체,0
060150,인선이엔티,KOSDAQ,상업서비스와공급품,0
060250,NHN KCP,KOSDAQ,IT,0
060280,큐렉소,KOSDAQ,바이오,0
060310,3S,KOSDAQ,기계,0
060370,LS마린솔루션,KOSDAQ,건설,0
060720,KH바텍,KOSDAQ,핸드셋,0
060980,HL홀딩스,KOSDAQ,자동차,0
061970,LB세미콘,KOSDAQ,반도체,0
062040,산일전기,KOSDAQ,전기장비,0
064260,다날,KOSDAQ,IT,0
064290,인텍플러스,KOSDAQ,반도체,0
064350,현대로템,KOSDAQ,우주항공과국방,0
064400,LG씨엔에스,KOSDAQ,IT,0
064550,바이오니아,KOSDAQ,바이오,0
064760,티씨케이,KOSDAQ,반도체,0
064820,케이프,KOSDAQ,증권,0
064850,에프앤가이드,KOSDAQ,IT,0
064960,SNT모티브,KOSDAQ,자동차,0
065350,신성델타테크,KOSDAQ,가정용기기와용품,0
065660,안트로젠,KOSDAQ,바이오,0
065680,우주일렉트로,KOSDAQ,핸드셋,0
065710,서호전기,KOSDAQ,운송인프라,0
066570,LG전자,KOSDAQ,전자제품,0
066575,066575,KOSDAQ,전자제품,0
066970,엘앤에프,KOSDAQ,배터리,0
067080,대화제약,KOSDAQ,바이오,0
067160,SOOP,KOSDAQ,양방향미디어와서비스,0
067310,하나마이크론,KOSDAQ,반도체,0
067390,아스트,KOSDAQ,우주항공과국방,0
067630,HLB생명과학,KOSDAQ,바이오,0
068270,셀트리온,KOSDAQ,바이오,0
068760,셀트리온제약,KOSDAQ,바이오,0
068930,디지털대성,KOSDAQ,교육서비스,0
069080,웹젠,KOSDAQ,엔터,0
069260,TKG휴켐스,KOSDAQ,화학,0
069620,대웅제약,KOSDAQ,바이오,0
069960,현대백화점,KOSDAQ,유통,0
071050,한국금융지주,KOSDAQ,은행,0
071055,071055,KOSDAQ,증권,0
071320,지역난방공사,KOSDAQ,복합유틸리티,0
071840,롯데하이마트,KOSDAQ,유통,0
071970,HD현대마린엔진,KOSDAQ,조선,0
072710,농심홀딩스,KOSDAQ,식품,0
073240,금호타이어,KOSDAQ,자동차,0
073490,이노와이어리스,KOSDAQ,통신장비,0
074600,원익QnC,KOSDAQ,반도체,0
075580,세진중공업,KOSDAQ,조선,0
077360,덕산하이메탈,KOSDAQ,반도체,0
077970,STX엔진,KOSDAQ,조선,0
078020,LS증권,KOSDAQ,증권,0
078070,유비쿼스홀딩스,KOSDAQ,통신장비,0
078130,국일제지,KOSDAQ,종이와목재,0
078150,HB테크놀러지,KOSDAQ,전기전자,0
078160,메디포스트,KOSDAQ,바이오,0
078340,컴투스,KOSDAQ,엔터,0
078350,한양디지텍,KOSDAQ,반도체,0
078520,에이블씨엔씨,KOSDAQ,가정용품,0
078600,대주전자재료,KOSDAQ,전기전자,0
078930,GS,KOSDAQ,에너지,0
079160,CJ CGV,KOSDAQ,방송과엔터테인먼트,0
079370,제우스,KOSDAQ,반도체,0
079550,LIG넥스원,KOSDAQ,방산,0
079900,전진건설로봇,KOSDAQ,건설,0
079940,가비아,KOSDAQ,IT,0
079960,동양이엔피,KOSDAQ,전기전자,0
080160,모두투어,KOSDAQ,"호텔,레스토랑,레저",0
080220,제주반도체,KOSDAQ,반도체,0
080580,오킨스전자,KOSDAQ,반도체,0
081000,일진다이아,KOSDAQ,비철금속,0
081660,미스토홀딩스,KOSDAQ,섬유,0
082270,젬백스,KOSDAQ,반도체,0
082640,동양생명,KOSDAQ,생명보험,0
082740,한화엔진,KOSDAQ,조선,0
082800,비보존 제약,KOSDAQ,바이오,0
082920,비츠로셀,KOSDAQ,전기전자,0
083310,엘오티베큠,KOSDAQ,반도체,0
083450,GST,KOSDAQ,반도체,0
083650,비에이치아이,KOSDAQ,에너지,0
083930,아바코,KOSDAQ,전기전자,0
084010,대한제강,KOSDAQ,철강,0
084110,휴온스글로벌,KOSDAQ,바이오,0
084370,유진테크,KOSDAQ,반도체,0
084680,이월드,KOSDAQ,섬유,0
084690,대상홀딩스,KOSDAQ,식품,0
084850,아이티엠반도체,KOSDAQ,반도체,0
084990,헬릭스미스,KOSDAQ,바이오,0
085620,미래에셋생명,KOSDAQ,증권,0
085660,차바이오텍,KOSDAQ,바이오,0
085910,네오티스,KOSDAQ,자동차,0
086280,현대글로비스,KOSDAQ,항공,0
086390,유니테스트,KOSDAQ,반도체,0
086450,동국제약,KOSDAQ,바이오,0
086520,에코프로,KOSDAQ,배터리,0
086790,하나금융지주,KOSDAQ,은행,0
086820,바이오솔루션,KOSDAQ,바이오,0
086890,이수앱지스,KOSDAQ,바이오,0
086900,메디톡스,KOSDAQ,바이오,0
087010,펩트론,KOSDAQ,바이오,0
088350,한화생명,KOSDAQ,생명보험,0
088800,에이스테크,KOSDAQ,통신장비,0
088980,088980,KOSDAQ,운송인프라,0
089010,켐트로닉스,KOSDAQ,전기전자,0
089030,테크윙,KOSDAQ,반도체,0
089590,제주항공,KOSDAQ,항공,0
089860,롯데렌탈,KOSDAQ,운송,0
089890,코세스,KOSDAQ,반도체,0
089970,브이엠,KOSDAQ,반도체,0
089980,상아프론테크,KOSDAQ,전기전자,0
090360,로보스타,KOSDAQ,기계,0
090430,아모레퍼시픽,KOSDAQ,가정용품,0
090435,090435,KOSDAQ,가정용품,0
090460,비에이치,KOSDAQ,전기전자,0
090710,휴림로봇,KOSDAQ,기계,0
091580,상신이디피,KOSDAQ,전기전자,0
091700,파트론,KOSDAQ,핸드셋,0
091810,티웨이항공,KOSDAQ,항공,0
092070,디엔에프,KOSDAQ,반도체,0
092200,디아이씨,KOSDAQ,자동차,0
092220,KEC,KOSDAQ,반도체,0
092230,KPX홀딩스,KOSDAQ,화학,0
092460,한라IMS,KOSDAQ,조선,0
092730,네오팜,KOSDAQ,가정용품,0
092790,넥스틸,KOSDAQ,철강,0
092870,엑시콘,KOSDAQ,반도체,0
093050,LF,KOSDAQ,섬유,0
093320,케이아이엔엑스,KOSDAQ,IT,0
093370,후성,KOSDAQ,화학,0
093520,매커스,KOSDAQ,반도체,0
094170,동운아나텍,KOSDAQ,반도체,0
094360,칩스앤미디어,KOSDAQ,반도체,0
094480,갤럭시아머니트리,KOSDAQ,IT,0
094800,094800,KOSDAQ,부동산,0
094820,일진파워,KOSDAQ,건설,0
095340,ISC,KOSDAQ,반도체,0
095500,미래나노텍,KOSDAQ,전기전자,0
095570,AJ네트웍스,KOSDAQ,운송,0
095610,테스,KOSDAQ,반도체,0
095660,네오위즈,KOSDAQ,엔터,0
095700,제넥신,KOSDAQ,바이오,0
096530,씨젠,KOSDAQ,생명과학도구및서비스,0
096760,JW홀딩스,KOSDAQ,바이오,0
096770,SK이노베이션,KOSDAQ,화학,0
097230,HJ중공업,KOSDAQ,건설,0
097520,엠씨넥스,KOSDAQ,핸드셋,0
097950,CJ제일제당,KOSDAQ,식품,0
098070,한텍,KOSDAQ,에너지,0
098120,마이크로컨텍솔,KOSDAQ,반도체,0
098460,고영,KOSDAQ,전기전자,0
099190,아이센스,KOSDAQ,바이오,0
099320,쎄트렉아이,KOSDAQ,우주항공과국방,0
099430,바이오플러스,KOSDAQ,바이오,0
099440,스맥,KOSDAQ,기계,0
100090,SK오션플랜트,KOSDAQ,에너지,0
100120,뷰웍스,KOSDAQ,바이오,0
100790,미래에셋벤처투자,KOSDAQ,증권,0
100840,SNT에너지,KOSDAQ,에너지,0
101160,월덱스,KOSDAQ,반도체,0
101170,우림피티에스,KOSDAQ,기계,0
101360,에코앤드림,KOSDAQ,화학,0
101490,에스앤에스텍,KOSDAQ,반도체,0
101530,해태제과식품,KOSDAQ,식품,0
101730,위메이드맥스,KOSDAQ,IT,0
101930,인화정공,KOSDAQ,조선,0
102120,어보브반도체,KOSDAQ,반도체,0
102260,동성케미컬,KOSDAQ,화학,0
102460,이연제약,KOSDAQ,바이오,0
102710,이엔에프테크놀로지,KOSDAQ,반도체,0
102940,코오롱생명과학,KOSDAQ,바이오,0
103140,풍산,KOSDAQ,비철금속,0
103590,일진전기,KOSDAQ,전기장비,0
104700,한국철강,KOSDAQ,철강,0
104830,원익머트리얼즈,KOSDAQ,화학,0
105560,KB금융,KOSDAQ,은행,0
105630,한세실업,KOSDAQ,섬유,0
105840,우진,KOSDAQ,기계,0
107640,한중엔시에스,KOSDAQ,전기장비,0
108320,LX세미콘,KOSDAQ,전기전자,0
108380,대양전기공업,KOSDAQ,조선,0
108490,로보티즈,KOSDAQ,기계,0
108670,LX하우시스,KOSDAQ,건축자재,0
108860,셀바스AI,KOSDAQ,바이오,0
110990,디아이티,KOSDAQ,전기전자,0
111770,영원무역,KOSDAQ,섬유,0
112040,위메이드,KOSDAQ,IT,0
112290,와이씨켐,KOSDAQ,반도체,0
112610,씨에스윈드,KOSDAQ,에너지,0
114090,GKL,KOSDAQ,"호텔,레스토랑,레저",0
114190,강원에너지,KOSDAQ,에너지,0
114810,한솔아이원스,KOSDAQ,반도체,0
114840,아이패밀리에스씨,KOSDAQ,가정용품,0
115180,큐리언트,KOSDAQ,바이오,0
115310,인포바인,KOSDAQ,IT,0
115450,HLB테라퓨틱스,KOSDAQ,바이오,0
117580,대성에너지,KOSDAQ,에너지,0
117730,티로보틱스,KOSDAQ,기계,0
118990,모트렉스,KOSDAQ,자동차,0
119610,인터로조,KOSDAQ,바이오,0
119830,아이텍,KOSDAQ,반도체,0
119850,지엔씨에너지,KOSDAQ,에너지,0
120110,코오롱인더,KOSDAQ,화학,0
121440,골프존홀딩스,KOSDAQ,레저용장비와제품,0
121600,나노신소재,KOSDAQ,화학,0
121800,비덴트,KOSDAQ,디스플레이패널,0
122640,예스티,KOSDAQ,반도체,0
122870,와이지엔터테인먼트,KOSDAQ,엔터,0
122900,아이마켓코리아,KOSDAQ,상업서비스와공급품,0
123410,코리아에프티,KOSDAQ,자동차,0
123860,아나패스,KOSDAQ,전기전자,0
123890,한국자산신탁,KOSDAQ,부동산,0
124500,아이티센글로벌,KOSDAQ,IT,0
125020,티씨머티리얼즈,KOSDAQ,전기장비,0
126340,비나텍,KOSDAQ,전기장비,0
126560,현대퓨처넷,KOSDAQ,가정용품,0
126600,BGF에코머티리얼즈,KOSDAQ,화학,0
126700,하이비젼시스템,KOSDAQ,핸드셋,0
126720,수산인더스트리,KOSDAQ,에너지,0
127120,제이에스링크,KOSDAQ,생명과학도구및서비스,0
128820,대성산업,KOSDAQ,에너지,0
128940,한미약품,KOSDAQ,바이오,0
130660,한전산업,KOSDAQ,전기유틸리티,0
131030,옵투스제약,KOSDAQ,바이오,0
131290,티에스이,KOSDAQ,반도체,0
131970,두산테스나,KOSDAQ,반도체,0
134380,미원화학,KOSDAQ,화학,0
136480,하림,KOSDAQ,식품,0
136490,선진,KOSDAQ,식품,0
137310,에스디바이오센서,KOSDAQ,바이오,0
137400,피엔티,KOSDAQ,전기전자,0
138080,오이솔루션,KOSDAQ,통신장비,0
138490,코오롱ENP,KOSDAQ,화학,0
138610,나이벡,KOSDAQ,바이오,0
138930,BNK금융지주,KOSDAQ,은행,0
139130,iM금융지주,KOSDAQ,은행,0
139480,이마트,KOSDAQ,유통,0
140410,메지온,KOSDAQ,식품,0
140670,알에스오토메이션,KOSDAQ,기계,0
140860,파크시스템스,KOSDAQ,전기전자,0
141080,리가켐바이오,KOSDAQ,바이오,0
143160,아이디스,KOSDAQ,전기전자,0
144510,지씨셀,KOSDAQ,바이오,0
144960,뉴파워프라즈마,KOSDAQ,반도체,0
145020,휴젤,KOSDAQ,바이오,0
145720,덴티움,KOSDAQ,바이오,0
145990,삼양사,KOSDAQ,식품,0
146320,비씨엔씨,KOSDAQ,반도체,0
151860,KG에코솔루션,KOSDAQ,자동차,0
156100,엘앤케이바이오,KOSDAQ,바이오,0
160190,하이젠알앤엠,KOSDAQ,기계,0
160980,싸이맥스,KOSDAQ,반도체,0
161000,애경케미칼,KOSDAQ,화학,0
161390,한국타이어앤테크놀로지,KOSDAQ,자동차,0
161580,필옵틱스,KOSDAQ,전기전자,0
161890,한국콜마,KOSDAQ,가정용품,0
166090,하나머티리얼즈,KOSDAQ,반도체,0
168360,펨트론,KOSDAQ,전기전자,0
170900,동아에스티,KOSDAQ,바이오,0
170920,엘티씨,KOSDAQ,반도체,0
171090,선익시스템,KOSDAQ,전기전자,0
174900,앱클론,KOSDAQ,바이오,0
175330,JB금융지주,KOSDAQ,은행,0
176750,듀켐바이오,KOSDAQ,바이오,0
178320,서진시스템,KOSDAQ,전기장비,0
178920,PI첨단소재,KOSDAQ,화학,0
179290,엠아이텍,KOSDAQ,바이오,0
179900,유티아이,KOSDAQ,핸드셋,0
180400,DXVX,KOSDAQ,바이오,0
180640,한진칼,KOSDAQ,항공,0
181710,NHN,KOSDAQ,IT,0
182400,엔케이젠바이오텍코리아,KOSDAQ,바이오,0
183190,아세아시멘트,KOSDAQ,건축자재,0
183300,코미코,KOSDAQ,반도체,0
185750,종근당,KOSDAQ,바이오,0
187660,페니트리움바이오,KOSDAQ,바이오,0
189300,인텔리안테크,KOSDAQ,통신장비,0
190510,나무가,KOSDAQ,핸드셋,0
192080,더블유게임즈,KOSDAQ,엔터,0
192400,쿠쿠홀딩스,KOSDAQ,가정용기기와용품,0
192650,드림텍,KOSDAQ,핸드셋,0
192820,코스맥스,KOSDAQ,가정용품,0
194370,제이에스코퍼레이션,KOSDAQ,섬유,0
194480,데브시스터즈,KOSDAQ,엔터,0
194700,노바렉스,KOSDAQ,바이오,0
195870,해성디에스,KOSDAQ,반도체,0
195940,HK이노엔,KOSDAQ,바이오,0
196170,알테오젠,KOSDAQ,바이오,0
199430,케이엔알시스템,KOSDAQ,기계,0
199800,툴젠,KOSDAQ,바이오,0
199820,제일일렉트릭,KOSDAQ,전기장비,0
200130,콜마비앤에이치,KOSDAQ,바이오,0
200470,에이팩트,KOSDAQ,반도체,0
200670,휴메딕스,KOSDAQ,바이오,0
200710,에이디테크놀로지,KOSDAQ,반도체,0
200880,서연이화,KOSDAQ,자동차,0
203400,에이비온,KOSDAQ,바이오,0
204270,제이앤티씨,KOSDAQ,핸드셋,0
204320,HL만도,KOSDAQ,자동차,0
204620,글로벌텍스프리,KOSDAQ,기타금융,0
206640,바디텍메드,KOSDAQ,생명과학도구및서비스,0
206650,유바이오로직스,KOSDAQ,바이오,0
207940,삼성바이오로직스,KOSDAQ,바이오,0
210980,SK디앤디,KOSDAQ,부동산,0
211050,인카금융서비스,KOSDAQ,은행,0
211270,AP위성,KOSDAQ,통신장비,0
213420,덕산네오룩스,KOSDAQ,전기전자,0
213500,한솔제지,KOSDAQ,종이와목재,0
214150,클래시스,KOSDAQ,바이오,0
214180,헥토이노베이션,KOSDAQ,IT,0
214320,이노션,KOSDAQ,광고,0
214370,케어젠,KOSDAQ,바이오,0
214420,토니모리,KOSDAQ,가정용품,0
214430,아이쓰리시스템,KOSDAQ,우주항공과국방,0
214450,파마리서치,KOSDAQ,바이오,0
215000,골프존,KOSDAQ,"호텔,레스토랑,레저",0
215200,메가스터디교육,KOSDAQ,교육서비스,0
215600,신라젠,KOSDAQ,바이오,0
216080,제테마,KOSDAQ,바이오,0
217270,넵튠,KOSDAQ,엔터,0
217730,강스템바이오텍,KOSDAQ,바이오,0
218410,RFHIC,KOSDAQ,통신장비,0
219130,타이거일렉,KOSDAQ,반도체,0
220100,퓨쳐켐,KOSDAQ,바이오,0
220260,켐트로스,KOSDAQ,화학,0
221800,유투바이오,KOSDAQ,바이오,0
222080,씨아이에스,KOSDAQ,전기전자,0
222800,심텍,KOSDAQ,전기전자,0
225570,넥슨게임즈,KOSDAQ,엔터,0
226320,잇츠한불,KOSDAQ,가정용품,0
226590,엠디바이스,KOSDAQ,반도체,0
226950,올릭스,KOSDAQ,생명과학도구및서비스,0
228760,지노믹트리,KOSDAQ,바이오,0
229640,LS에코에너지,KOSDAQ,에너지,0
230240,에치에프알,KOSDAQ,통신장비,0
230360,에코마케팅,KOSDAQ,섬유,0
232140,와이씨,KOSDAQ,반도체,0
232680,라온로보틱스,KOSDAQ,반도체,0
234080,JW생명과학,KOSDAQ,바이오,0
234340,헥토파이낸셜,KOSDAQ,IT,0
236200,슈프리마,KOSDAQ,전기전자,0
237690,에스티팜,KOSDAQ,바이오,0
237880,클리오,KOSDAQ,가정용품,0
240810,원익IPS,KOSDAQ,반도체,0
241520,DSC인베스트먼트,KOSDAQ,창업투자,0
241560,두산밥캣,KOSDAQ,기계,0
241590,화승엔터프라이즈,KOSDAQ,엔터,0
241710,코스메카코리아,KOSDAQ,가정용품,0
241770,메카로,KOSDAQ,반도체,0
242040,나무기술,KOSDAQ,IT,0
243070,휴온스,KOSDAQ,바이오,0
243840,신흥에스이씨,KOSDAQ,전기전자,0
244920,에이플러스에셋,KOSDAQ,손해보험,0
247540,에코프로비엠,KOSDAQ,배터리,0
248070,솔루엠,KOSDAQ,전기전자,0
249420,일동제약,KOSDAQ,바이오,0
251270,넷마블,KOSDAQ,IT,0
251370,와이엠티,KOSDAQ,화학,0
251970,펌텍코리아,KOSDAQ,포장재,0
252990,샘씨엔에스,KOSDAQ,반도체,0
253450,스튜디오드래곤,KOSDAQ,방송과엔터테인먼트,0
253590,네오셈,KOSDAQ,반도체,0
254490,미래반도체,KOSDAQ,반도체,0
255220,SG,KOSDAQ,건축자재,0
256840,한국비엔씨,KOSDAQ,바이오,0
257720,실리콘투,KOSDAQ,유통,0
259960,크래프톤,KOSDAQ,IT,0
263750,펄어비스,KOSDAQ,IT,0
264850,이랜시스,KOSDAQ,전기전자,0
265520,AP시스템,KOSDAQ,전기전자,0
267250,HD현대,KOSDAQ,조선,0
267260,HD현대일렉트릭,KOSDAQ,에너지,0
267270,HD건설기계,KOSDAQ,건설,0
267320,나인테크,KOSDAQ,전기전자,0
267980,매일유업,KOSDAQ,식품,0
268280,미원에스씨,KOSDAQ,화학,0
270660,에브리봇,KOSDAQ,가정용기기와용품,0
271560,오리온,KOSDAQ,식품,0
271940,일진하이솔루스,KOSDAQ,자동차,0
271980,제일약품,KOSDAQ,바이오,0
272110,케이엔제이,KOSDAQ,반도체,0
272210,한화시스템,KOSDAQ,우주항공과국방,0
272290,이녹스첨단소재,KOSDAQ,전기전자,0
272450,진에어,KOSDAQ,항공,0
274090,켄코아에어로스페이스,KOSDAQ,우주항공과국방,0
277810,레인보우로보틱스,KOSDAQ,기계,0
278280,천보,KOSDAQ,전기전자,0
278470,에이피알,KOSDAQ,가정용품,0
280360,롯데웰푸드,KOSDAQ,식품,0
281740,레이크머티리얼즈,KOSDAQ,화학,0
281820,케이씨텍,KOSDAQ,반도체,0
282330,BGF리테일,KOSDAQ,유통,0
284740,쿠쿠홈시스,KOSDAQ,가정용기기와용품,0
285130,SK케미칼,KOSDAQ,화학,0
285490,노바텍,KOSDAQ,핸드셋,0
286940,롯데이노베이트,KOSDAQ,IT,0
287840,인투셀,KOSDAQ,바이오,0
289080,SV인베스트먼트,KOSDAQ,창업투자,0
289930,웨이비스,KOSDAQ,우주항공과국방,0
290550,디케이티,KOSDAQ,핸드셋,0
290650,엘앤씨바이오,KOSDAQ,바이오,0
290740,액트로,KOSDAQ,핸드셋,0
293490,카카오게임즈,KOSDAQ,IT,0
293780,압타바이오,KOSDAQ,바이오,0
294570,쿠콘,KOSDAQ,IT,0
294870,HDC현대산업개발,KOSDAQ,건설,0
295310,에이치브이엠,KOSDAQ,비철금속,0
298020,효성티앤씨,KOSDAQ,섬유,0
298040,효성중공업,KOSDAQ,전기장비,0
298050,HS효성첨단소재,KOSDAQ,화학,0
298380,에이비엘바이오,KOSDAQ,바이오,0
298690,에어부산,KOSDAQ,항공,0
298830,슈어소프트테크,KOSDAQ,IT,0
299030,하나기술,KOSDAQ,전기전자,0
300080,플리토,KOSDAQ,양방향미디어와서비스,0
300720,한일시멘트,KOSDAQ,건축자재,0
302440,SK바이오사이언스,KOSDAQ,바이오,0
304100,솔트룩스,KOSDAQ,IT,0
304360,에스바이오메딕스,KOSDAQ,바이오,0
306200,세아제강,KOSDAQ,철강,0
307180,아이엘,KOSDAQ,전기전자,0
307950,현대오토에버,KOSDAQ,IT,0
308430,셀비온,KOSDAQ,바이오,0
310210,보로노이,KOSDAQ,바이오,0
314130,지놈앤컴퍼니,KOSDAQ,바이오,0
314930,바이오다인,KOSDAQ,바이오,0
316140,우리금융지주,KOSDAQ,은행,0
317330,덕산테코피아,KOSDAQ,반도체,0
319400,현대무벡스,KOSDAQ,기계,0
319660,피에스케이,KOSDAQ,반도체,0
322000,HD현대에너지솔루션,KOSDAQ,에너지,0
322310,오로스테크놀로지,KOSDAQ,반도체,0
322510,제이엘케이,KOSDAQ,건강관리기술,0
323280,태성,KOSDAQ,전기전자,0
323410,카카오뱅크,KOSDAQ,IT,0
323990,박셀바이오,KOSDAQ,바이오,0
326030,SK바이오팜,KOSDAQ,바이오,0
327260,RF머트리얼즈,KOSDAQ,우주항공과국방,0
328130,루닛,KOSDAQ,건강관리기술,0
329180,HD현대중공업,KOSDAQ,조선,0
330860,네패스아크,KOSDAQ,반도체,0
332570,PS일렉트로닉스,KOSDAQ,핸드셋,0
334970,프레스티지바이오로직스,KOSDAQ,바이오,0
336260,두산퓨얼셀,KOSDAQ,전기전자,0
336370,솔루스첨단소재,KOSDAQ,전기전자,0
336570,원텍,KOSDAQ,바이오,0
338220,뷰노,KOSDAQ,건강관리기술,0
338840,와이바이오로직스,KOSDAQ,바이오,0
339770,교촌에프앤비,KOSDAQ,식품,0
340570,티앤엘,KOSDAQ,바이오,0
344820,KCC글라스,KOSDAQ,건축자재,0
347700,스피어,KOSDAQ,우주항공과국방,0
347850,디앤디파마텍,KOSDAQ,바이오,0
348150,고바이오랩,KOSDAQ,바이오,0
348210,넥스틴,KOSDAQ,반도체,0
348340,뉴로메카,KOSDAQ,기계,0
348370,엔켐,KOSDAQ,전기전자,0
352480,씨앤씨인터내셔널,KOSDAQ,가정용품,0
352820,하이브,KOSDAQ,방송과엔터테인먼트,0
353200,대덕전자,KOSDAQ,전기전자,0
353810,이지바이오,KOSDAQ,바이오,0
354320,알멕,KOSDAQ,자동차,0
356680,엑스게이트,KOSDAQ,IT,0
356860,티엘비,KOSDAQ,반도체,0
357550,석경에이티,KOSDAQ,화학,0
357780,솔브레인,KOSDAQ,반도체,0
358570,지아이이노베이션,KOSDAQ,바이오,0
361390,제노코,KOSDAQ,우주항공과국방,0
361610,SK아이이테크놀로지,KOSDAQ,전기전자,0
365270,큐라클,KOSDAQ,바이오,0
365340,성일하이텍,KOSDAQ,전기전자,0
368770,파이버프로,KOSDAQ,전기전자,0
371950,풍원정밀,KOSDAQ,전기전자,0
372170,윤성에프앤씨,KOSDAQ,전기전자,0
372320,큐로셀,KOSDAQ,바이오,0
373220,LG에너지솔루션,KOSDAQ,배터리,0
375500,DL이앤씨,KOSDAQ,건설,0
376270,HEM파마,KOSDAQ,바이오,0
376300,디어유,KOSDAQ,양방향미디어와서비스,0
376900,로킷헬스케어,KOSDAQ,바이오,0
377300,카카오페이,KOSDAQ,IT,0
377450,리파인,KOSDAQ,상업서비스와공급품,0
377460,위니아에이드,KOSDAQ,상업서비스와공급품,0
377740,바이오노트,KOSDAQ,바이오,0
378340,필에너지,KOSDAQ,에너지,0
380540,옵티코어,KOSDAQ,통신장비,0
381970,케이카,KOSDAQ,자동차,0
382900,범한퓨얼셀,KOSDAQ,전기전자,0
383220,F&F,KOSDAQ,섬유,0
383310,에코프로에이치엔,KOSDAQ,배터리,0
383800,LX홀딩스,KOSDAQ,무역회사와판매업체,0
388050,지투파워,KOSDAQ,전기장비,0
388720,유일로보틱스,KOSDAQ,기계,0
389020,자람테크놀로지,KOSDAQ,통신장비,0
389260,대명에너지,KOSDAQ,에너지,0
389470,인벤티지랩,KOSDAQ,바이오,0
389500,에스비비테크,KOSDAQ,기계,0
389650,넥스트바이오메디컬,KOSDAQ,바이오,0
393890,더블유씨피,KOSDAQ,전기전자,0
394280,오픈엣지테크놀로지,KOSDAQ,반도체,0
394800,쓰리빌리언,KOSDAQ,건강관리기술,0
397030,에이프릴바이오,KOSDAQ,바이오,0
399720,가온칩스,KOSDAQ,반도체,0
402030,코난테크놀로지,KOSDAQ,IT,0
402340,SK스퀘어,KOSDAQ,복합기업,0
403550,쏘카,KOSDAQ,운송,0
403870,HPSP,KOSDAQ,반도체,0
405100,큐알티,KOSDAQ,반도체,0
415640,415640,KOSDAQ,운송인프라,0
416180,신성에스티,KOSDAQ,전기전자,0
417010,나노팀,KOSDAQ,전기전자,0
417200,LS머트리얼즈,KOSDAQ,전기전자,0
418420,라온텍,KOSDAQ,반도체,0
418550,제이오,KOSDAQ,건설,0
419530,SAMG엔터,KOSDAQ,엔터,0
420770,기가비스,KOSDAQ,반도체,0
424870,이뮨온시아,KOSDAQ,바이오,0
425040,티이엠씨,KOSDAQ,반도체,0
425420,티에프이,KOSDAQ,반도체,0
437730,삼현,KOSDAQ,자동차,0
439090,마녀공장,KOSDAQ,가정용품,0
440110,파두,KOSDAQ,반도체,0
441270,파인엠텍,KOSDAQ,핸드셋,0
443060,HD현대마린솔루션,KOSDAQ,조선,0
445090,에이직랜드,KOSDAQ,반도체,0
445680,큐리옥스바이오시스템즈,KOSDAQ,바이오,0
448280,에코아이,KOSDAQ,상업서비스와공급품,0
448900,한국피아이엠,KOSDAQ,자동차,0
450080,에코프로머티,KOSDAQ,배터리,0
450950,아스테라시스,KOSDAQ,바이오,0
451760,컨텍,KOSDAQ,우주항공과국방,0
452260,한화갤러리아,KOSDAQ,유통,0
452430,사피엔반도체,KOSDAQ,반도체,0
452450,피아이이,KOSDAQ,IT,0
453340,현대그린푸드,KOSDAQ,식품,0
454910,두산로보틱스,KOSDAQ,기계,0
455900,엔젤로보틱스,KOSDAQ,바이오,0
456010,아이씨티케이,KOSDAQ,통신장비,0
456040,OCI,KOSDAQ,화학,0
457190,이수스페셜티케미컬,KOSDAQ,화학,0
457550,우진엔텍,KOSDAQ,에너지,0
458650,성우,KOSDAQ,전기전자,0
458870,씨어스테크놀로지,KOSDAQ,건강관리기술,0
459510,나우로보틱스,KOSDAQ,기계,0
460850,동국씨엠,KOSDAQ,철강,0
460860,동국제강,KOSDAQ,철강,0
460930,현대힘스,KOSDAQ,조선,0
461300,아이스크림미디어,KOSDAQ,교육서비스,0
462350,이노스페이스,KOSDAQ,우주항공과국방,0
462860,더즌,KOSDAQ,IT,0
462870,시프트업,KOSDAQ,엔터,0
464080,에스오에스랩,KOSDAQ,전기전자,0
466100,클로봇,KOSDAQ,기계,0
472850,폰드그룹,KOSDAQ,섬유,0
473980,노머스,KOSDAQ,방송과엔터테인먼트,0
474170,루미르,KOSDAQ,우주항공과국방,0
475150,SK이터닉스,KOSDAQ,에너지,0
475400,씨메스,KOSDAQ,기계,0
475560,더본코리아,KOSDAQ,"호텔,레스토랑,레저",0
475830,오름테라퓨틱,KOSDAQ,바이오,0
475960,토모큐브,KOSDAQ,생명과학도구및서비스,0
476040,오가노이드사이언스,KOSDAQ,바이오,0
476060,온코닉테라퓨틱스,KOSDAQ,바이오,0
481070,에이유브랜즈,KOSDAQ,섬유,0
482630,삼양엔씨켐,KOSDAQ,반도체,0
483650,달바글로벌,KOSDAQ,가정용품,0
484810,티엑스알로보틱스,KOSDAQ,기계,0
484870,엠앤씨솔루션,KOSDAQ,우주항공과국방,0
487570,HS효성,KOSDAQ,복합기업,0
489500,엘케이켐,KOSDAQ,반도체,0
489790,한화비전,KOSDAQ,통신장비,0
499790,GS피앤엘,KOSDAQ,"호텔,레스토랑,레저",0
900140,엘브이엠씨홀딩스,KOSDAQ,자동차,0
900290,GRT,KOSDAQ,화학,0
950140,잉글우드랩,KOSDAQ,가정용품,0
950160,코오롱티슈진,KOSDAQ,바이오,0
950170,JTC,KOSDAQ,유통,0
950210,프레스티지바이오파마,KOSDAQ,바이오,0
